STATE,COUNTY,MONTH,DAY,HOUR,MINUTE,VE_TOTAL,PERSONS,PEDS,NHS,ROAD_FNC,ROUTE,SP_JUR,HARM_EV,MAN_COLL,REL_JUNC,REL_ROAD,TRAF_FLO,NO_LANES,SP_LIMIT,ALIGNMNT,PROFILE,PAVE_TYP,SUR_COND,TRA_CONT,T_CONT_F,HIT_RUN,LGT_COND,WEATHER1,WEATHER2,C_M_ZONE,NOT_HOUR,NOT_MIN,ARR_HOUR,ARR_MIN,HOSP_HR,HOSP_MN,SCH_BUS,CF1,CF2,CF3,FATALS,DAY_WEEK,DRUNK_DR,ST_CASE,CITY,MILEPT,YEAR,TWAY_ID,TWAY_ID2,RAIL,VE_FORMS,WEATHER,latitude,longitud
6,107,4,13,17,45,1,2,0,0,4,4,0,30,0,1,4,1,2,55,1,1,2,1,0,0,0,1,1,0,0,99,99,99,99,99,99,0,0,0,0,1,6,1,60780,0,0,2007,AVENUE 152,99999999999999999999,0000000,1,1,36.06586389,-119.1397444
6,95,4,13,19,20,2,2,0,0,4,4,0,12,3,1,1,1,2,55,1,1,2,1,40,3,0,5,1,0,0,99,99,99,99,0,0,0,0,0,0,1,6,2,60781,0,0,2007,GRIZZLY ISLAND RD,99999999999999999999,0000000,2,1,38.23580833,-122.0204056
6,13,4,13,21,32,1,1,0,1,11,1,0,25,0,1,4,3,3,65,1,1,1,1,0,0,0,2,1,0,0,99,99,99,99,0,0,0,0,0,0,1,6,1,60782,0,114,2007,I-80,99999999999999999999,0000000,1,1,38.02948611,-122.2560278
6,71,4,13,23,55,1,1,0,1,11,1,0,24,0,1,3,3,3,70,2,1,2,1,0,0,0,3,1,0,0,99,99,99,99,99,99,0,0,0,0,1,6,1,60783,260,749,2007,I-15,99999999999999999999,0000000,1,1,34.42650833,-117.3804167